Target,,,Input,,,,,,,
Pozitie,Severitate def,Severitate inc.,Mod 1,Mod 2,Mod 3,Mod 4,Mod 5,Mod 6,Mod 7,Mod 8
0,0.000866543,0,0.000866543,0.000866543,0.000866543,0.000866543,0.000866543,0.000866543,0.000866543,0.000866543
0.002,0.000866543,0,0.000861779,0.000850052,0.000839552,0.000828849,0.000818234,0.000807687,0.000797208,0.000786798
0.004,0.000866543,0,0.000857027,0.000833718,0.000812988,0.000791993,0.000771311,0.000750902,0.000730767,0.000710906
0.006,0.000866543,0,0.000852289,0.000817543,0.000786851,0.000755975,0.000725776,0.000696191,0.000667224,0.000638877
0.008,0.000866543,0,0.000847564,0.000801527,0.000761141,0.000720798,0.00068163,0.000643558,0.000606589,0.000570724
0.01,0.000866543,0,0.000842851,0.000785669,0.00073586,0.000686461,0.000638877,0.00059301,0.000548871,0.000506464
0.012,0.000866543,0,0.000838153,0.00076997,0.000711006,0.000652967,0.000597519,0.000544552,0.00049408,0.000446112
0.014,0.000866543,0,0.000833467,0.000754429,0.000686581,0.000620316,0.000557561,0.000498191,0.000442228,0.000389681
0.016,0.000866543,0,0.000828794,0.000739048,0.000662585,0.000588511,0.000519004,0.000453932,0.000393321,0.000337181
0.018,0.000866543,0,0.000824135,0.000723825,0.000639019,0.000557552,0.000481854,0.000411782,0.000347366,0.000288616
0.02,0.000866543,0,0.000819488,0.00070876,0.000615883,0.000527442,0.000446112,0.000371744,0.000304367,0.000243984
0.022,0.000866543,0,0.000814855,0.000693855,0.000593178,0.000498181,0.000411782,0.000333821,0.000264323,0.000203273
0.024,0.000866543,0,0.000810235,0.000679109,0.000570904,0.000469773,0.000378867,0.000298014,0.00022723,0.000166463
0.026,0.000866543,0,0.000805628,0.000664522,0.000549062,0.000442217,0.000347367,0.000264323,0.000193077,0.000133523
0.028,0.000866543,0,0.000801034,0.000650095,0.000527652,0.000415515,0.000317283,0.000232745,0.000161848,0.000104411
0.03,0.000866543,0,0.000796454,0.000635827,0.000506675,0.000389669,0.000288617,0.000203273,0.000133523,7.90713E-05
0.032,0.000866543,0,0.000791886,0.000621718,0.000486133,0.000364679,0.000261366,0.000175899,0.000108073,5.74373E-05
0.034,0.000866543,0,0.000787332,0.000607769,0.000466024,0.000340546,0.000235529,0.000150612,8.54631E-05,3.94285E-05
0.036,0.000866543,0,0.000782791,0.00059398,0.00044635,0.00031727,0.000211103,0.000127396,6.56511E-05,2.49508E-05
0.038,0.000866543,0,0.000778263,0.000580351,0.000427111,0.000294851,0.000188083,0.000106234,4.85875E-05,1.38968E-05
0.04,0.000866543,0,0.000773748,0.000566882,0.000408308,0.000273289,0.000166464,8.71024E-05,3.42153E-05,6.14563E-06
0.042,0.000866543,0,0.000769247,0.000553573,0.000389941,0.000252583,0.000146238,6.99772E-05,2.24698E-05,1.56299E-06
0.044,0.000866543,0,0.000764759,0.000540424,0.00037201,0.000232732,0.000127397,5.48286E-05,1.32787E-05,1.83878E-09
0.046,0.000866543,0,0.000760284,0.000527436,0.000354515,0.000213734,0.00010993,4.16234E-05,6.56224E-06,1.30268E-06
0.048,0.000866543,0,0.000755822,0.000514608,0.000337457,0.000195587,9.38262E-05,3.03247E-05,2.23291E-06,5.29429E-06
0.05,0.000866543,0,0.000751373,0.000501941,0.000320836,0.000178288,7.90718E-05,2.08914E-05,1.961E-07,1.17945E-05
0.052,0.000866543,0,0.000746938,0.000489435,0.000304652,0.000161835,6.56516E-05,1.32787E-05,3.50087E-07,2.0611E-05
0.054,0.000866543,0,0.000742515,0.000477089,0.000288904,0.000146224,5.35488E-05,7.43789E-06,2.5864E-06,3.15427E-05
0.056,0.000866543,0,0.000738107,0.000464904,0.000273593,0.000131451,4.2745E-05,3.3163E-06,6.79016E-06,4.43803E-05
0.058,0.000866543,0,0.000733711,0.000452881,0.000258717,0.000117511,3.32198E-05,8.57616E-07,1.28405E-05,5.8908E-05
0.06,0.000866543,0,0.000729328,0.000441019,0.000244278,0.000104399,2.49512E-05,1.8386E-09,2.0611E-05,7.49047E-05
0.062,0.000866543,0,0.000724959,0.000429318,0.000230274,9.21081E-05,1.79153E-05,6.85423E-07,2.99704E-05,9.21451E-05
0.064,0.000866543,0,0.000720603,0.000417778,0.000216704,8.0633E-05,1.20867E-05,2.84143E-06,4.07827E-05,0.000110402
0.066,0.000866543,0,0.000716261,0.0004064,0.000203569,6.99663E-05,7.43811E-06,6.39967E-06,5.29082E-05,0.000129446
0.068,0.000866543,0,0.000711931,0.000395183,0.000190866,6.01E-05,3.94045E-06,1.12869E-05,6.62039E-05,0.000149049
0.07,0.000866543,0,0.000707615,0.000384128,0.000178595,5.1026E-05,1.56309E-06,1.74271E-05,8.05245E-05,0.000168985
0.072,0.000866543,0,0.000703313,0.000373235,0.000166755,4.27352E-05,2.73702E-07,2.47415E-05,9.57225E-05,0.000189031
0.074,0.000866543,0,0.000699023,0.000362503,0.000155345,3.52179E-05,3.83455E-08,3.31489E-05,0.000111649,0.000208969
0.076,0.000866543,0,0.000694747,0.000351933,0.000144363,2.8464E-05,8.21529E-07,4.25662E-05,0.000128156,0.000228589
0.078,0.000866543,0,0.000690484,0.000341525,0.000133807,2.24624E-05,2.58625E-06,5.29082E-05,0.000145094,0.000247687
0.08,0.000866543,0,0.000686235,0.000331278,0.000123676,1.72016E-05,5.29408E-06,6.40881E-05,0.000162316,0.00026607
0.082,0.000866543,0,0.000681999,0.000321194,0.000113968,1.26695E-05,8.90519E-06,7.60179E-05,0.000179676,0.000283555
0.084,0.000866543,0,0.000677776,0.000311271,0.000104682,8.85306E-06,1.33785E-05,8.86085E-05,0.000197031,0.000299971
0.086,0.000866543,0,0.000673567,0.000301509,9.58135E-05,5.73896E-06,1.86715E-05,0.00010177,0.000214241,0.00031516
0.088,0.000866543,0,0.000669371,0.00029191,8.73619E-05,3.31308E-06,2.47409E-05,0.000115413,0.00023117,0.00032898
0.09,0.000866543,0,0.000665188,0.000282472,7.93243E-05,1.56073E-06,3.15421E-05,0.000129446,0.000247687,0.000341303
0.092,0.000866543,0,0.000661019,0.000273196,7.1698E-05,4.66601E-07,3.90295E-05,0.00014378,0.000263667,0.000352016
0.094,0.000866543,0,0.000656864,0.000264082,6.44802E-05,1.48153E-08,4.71569E-05,0.000158325,0.00027899,0.000361025
0.096,0.000866543,0,0.000652721,0.000255129,5.76679E-05,1.88913E-07,5.5877E-05,0.000172992,0.000293543,0.000368252
0.098,0.000866543,0,0.000648592,0.000246337,5.1258E-05,9.71872E-07,6.5142E-05,0.000187695,0.000307221,0.000373638
0.1,0.000866543,0,0.000644477,0.000237707,4.52472E-05,2.34613E-06,7.49037E-05,0.000202348,0.000319926,0.000377142
0.102,0.000866543,0,0.000640375,0.000229237,3.9632E-05,4.2936E-06,8.51131E-05,0.000216867,0.000331568,0.000378741
0.104,0.000866543,0,0.000636286,0.000220929,3.44088E-05,6.79568E-06,9.57213E-05,0.00023117,0.000342068,0.000378429
0.106,0.000866543,0,0.000632211,0.000212782,2.95737E-05,9.8333E-06,0.000106679,0.000245178,0.000351354,0.00037622
0.108,0.000866543,0,0.00062815,0.000204795,2.51228E-05,1.33869E-05,0.000117936,0.000258815,0.000359363,0.000372147
0.11,0.000866543,0,0.000624101,0.000196969,2.10519E-05,1.74365E-05,0.000129444,0.000272007,0.000366045,0.000366258
0.112,0.000866543,0,0.000620067,0.000189304,1.73567E-05,2.19617E-05,0.000141153,0.000284684,0.000371357,0.000358619
0.114,0.000866543,0,0.000616046,0.000181798,1.40328E-05,2.69416E-05,0.000153015,0.000296781,0.000375268,0.000349312
0.116,0.000866543,0,0.000612038,0.000174452,1.10755E-05,3.23552E-05,0.00016498,0.000308234,0.000377755,0.000338434
0.118,0.000866543,0,0.000608044,0.000167266,8.47995E-06,3.81809E-05,0.000177,0.000318985,0.000378809,0.000326098
0.12,0.000866543,0,0.000604064,0.000160239,6.24125E-06,4.43969E-05,0.000189029,0.00032898,0.000378429,0.000312428
0.122,0.000866543,0,0.000600097,0.000153371,4.35425E-06,5.09811E-05,0.000201018,0.00033817,0.000376623,0.000297562
0.124,0.000866543,0,0.000596143,0.000146662,2.81366E-06,5.7911E-05,0.000212923,0.000346509,0.000373413,0.000281647
0.126,0.000866543,0,0.000592204,0.000140111,1.61403E-06,6.51643E-05,0.000224698,0.000353957,0.000368828,0.00026484
0.128,0.000866543,0,0.000588277,0.000133719,7.49759E-07,7.27179E-05,0.000236299,0.000360479,0.000362906,0.000247307
0.13,0.000866543,0,0.000584365,0.000127484,2.1509E-07,8.05491E-05,0.000247685,0.000366045,0.000355697,0.000229219
0.132,0.000866543,0,0.000580466,0.000121406,4.11904E-09,8.86348E-05,0.000258812,0.000370631,0.000347259,0.000210751
0.134,0.000866543,0,0.000576581,0.000115485,1.1079E-07,9.69517E-05,0.000269642,0.000374215,0.000337656,0.000192083
0.136,0.000866543,0,0.000572709,0.000109721,5.28905E-07,0.000105477,0.000280135,0.000376785,0.000326963,0.000173397
0.138,0.000866543,0,0.000568851,0.000104112,1.25212E-06,0.000114186,0.000290256,0.000378331,0.000315263,0.000154871
0.14,0.000866543,0,0.000565006,9.86597E-05,2.27396E-06,0.000123058,0.000299968,0.000378849,0.000302642,0.000136686
0.142,0.000866543,0,0.000561176,9.3362E-05,3.5878E-06,0.000132067,0.000309238,0.00037834,0.000289195,0.000119016
0.144,0.000866543,0,0.000557358,8.82189E-05,5.1869E-06,0.000141192,0.000318035,0.000376813,0.000275022,0.000102032
0.146,0.000866543,0,0.000553555,8.32298E-05,7.06438E-06,0.000150409,0.000326329,0.000374278,0.000260229,8.5898E-05
0.148,0.000866543,0,0.000549765,7.83942E-05,9.21324E-06,0.000159695,0.000334092,0.000370752,0.000244924,7.07697E-05
0.15,0.000866543,0,0.000545989,7.37116E-05,1.16264E-05,0.000169027,0.000341299,0.000366258,0.000229219,5.67935E-05
0.152,0.000866543,0,0.000542227,6.91813E-05,1.42965E-05,0.000178384,0.000347926,0.000360823,0.000213229,4.41053E-05
0.154,0.000866543,0,0.000538479,6.48027E-05,1.72163E-05,0.000187742,0.000353953,0.000354478,0.000197071,3.28289E-05
0.156,0.000866543,0,0.000534744,6.05752E-05,2.03784E-05,0.00019708,0.000359359,0.000347259,0.000180862,2.30752E-05
0.158,0.000866543,0,0.000531023,5.64981E-05,2.37751E-05,0.000206375,0.000364129,0.000339206,0.00016472,1.4941E-05
0.16,0.000866543,0,0.000527316,5.25709E-05,2.73988E-05,0.000215608,0.000368248,0.000330365,0.000148763,8.50825E-06
0.162,0.000866543,0,0.000523622,4.87927E-05,3.12418E-05,0.000224755,0.000371703,0.000320783,0.000133105,3.84332E-06
0.164,0.000866543,0,0.000519942,4.51629E-05,3.52962E-05,0.000233798,0.000374486,0.000310513,0.00011786,9.96394E-07
0.166,0.000866543,0,0.000516277,4.16807E-05,3.95541E-05,0.000242716,0.000376589,0.000299609,0.00010314,1.04747E-09
0.168,0.000866543,0,0.000512624,3.83454E-05,4.40075E-05,0.000251488,0.000378006,0.000288129,8.90492E-05,8.73938E-07
0.17,0.000866543,0,0.000508986,3.51561E-05,4.86483E-05,0.000260097,0.000378735,0.000276136,7.56914E-05,3.61467E-06
0.172,0.000866543,0,0.000505362,3.21121E-05,5.34685E-05,0.000268523,0.000378777,0.000263693,6.31634E-05,8.20583E-06
0.174,0.000866543,0,0.000501751,2.92126E-05,5.84598E-05,0.000276748,0.000378133,0.000250864,5.15564E-05,1.46131E-05
0.176,0.000866543,0,0.000498154,2.64567E-05,6.3614E-05,0.000284754,0.000376807,0.000237718,4.09554E-05,2.27857E-05
0.178,0.000866543,0,0.000494571,2.38436E-05,6.89227E-05,0.000292526,0.000374807,0.000224324,3.14382E-05,3.26566E-05
0.18,0.000866543,0,0.000491002,2.13723E-05,7.43776E-05,0.000300045,0.000372141,0.000210751,2.30752E-05,4.41435E-05
0.182,0.000866543,0,0.000487447,1.9042E-05,7.99704E-05,0.000307297,0.000368822,0.000197071,1.59289E-05,5.71491E-05
0.184,0.000866543,0,0.000483906,1.68516E-05,8.56927E-05,0.000314268,0.000364862,0.000183355,1.00532E-05,7.15625E-05
0.186,0.000866543,0,0.000480379,1.48003E-05,9.1536E-05,0.000320941,0.000360277,0.000169673,5.49356E-06,8.72599E-05
0.188,0.000866543,0,0.000476865,1.28872E-05,9.74918E-05,0.000327305,0.000355085,0.000156098,2.28607E-06,0.000104106
0.19,0.000866543,0,0.000473366,1.1111E-05,0.000103552,0.000333346,0.000349306,0.000142699,4.57704E-07,0.000121953
0.192,0.000866543,0,0.00046988,9.471E-06,0.000109707,0.000339051,0.000342961,0.000129547,2.59342E-08,0.000140648
0.194,0.000866543,0,0.000466409,7.96599E-06,0.00011595,0.000344411,0.000336074,0.000116708,9.98651E-07,0.000160026
0.196,0.000866543,0,0.000462951,6.59495E-06,0.000122271,0.000349414,0.00032867,0.000104251,3.37412E-06,0.000179919
0.198,0.000866543,0,0.000459507,5.35679E-06,0.000128663,0.000354051,0.000320776,9.22398E-05,7.14099E-06,0.000200151
0.2,0.000866543,0,0.000456077,4.25042E-06,0.000135116,0.000358313,0.000312422,8.07363E-05,1.22784E-05,0.000220545
0.202,0.000866543,0,0.000452661,3.27471E-06,0.000141623,0.000362192,0.000303636,6.98008E-05,1.87561E-05,0.000240923
0.204,0.000866543,0,0.00044926,2.42852E-06,0.000148174,0.000365681,0.000294451,5.94901E-05,2.65346E-05,0.000261103
0.206,0.000866543,0,0.000445872,1.71068E-06,0.000154762,0.000368773,0.0002849,4.98582E-05,3.55656E-05,0.00028091
0.208,0.000866543,0,0.000442498,1.12001E-06,0.000161379,0.000371463,0.000275015,4.09556E-05,4.57921E-05,0.000300167
0.21,0.000866543,0,0.000439138,6.55311E-07,0.000168016,0.000373747,0.000264833,3.28291E-05,5.71492E-05,0.000318705
0.212,0.000866543,0,0.000435792,3.15351E-07,0.000174664,0.000375621,0.00025439,2.55218E-05,6.95638E-05,0.000336361
0.214,0.000866543,0,0.00043246,9.88869E-08,0.000181317,0.000377081,0.000243721,1.90725E-05,8.29559E-05,0.000352977
0.216,0.000866543,0,0.000429143,4.65538E-09,0.000187965,0.000378126,0.000232865,1.35161E-05,9.72387E-05,0.000368406
0.218,0.000866543,0,0.000425839,3.1373E-08,0.0001946,0.000378756,0.00022186,8.88287E-06,0.000112319,0.000382513
0.22,0.000866543,0,0.000422549,1.77737E-07,0.000201216,0.000378968,0.000210744,5.19853E-06,0.000128099,0.000395172
0.222,0.000866543,0,0.000419274,4.42426E-07,0.000207803,0.000378766,0.000199556,2.4842E-06,0.000144474,0.000406271
0.224,0.000866543,0,0.000416012,8.24099E-07,0.000214355,0.000378149,0.000188335,7.56201E-07,0.000161338,0.000415711
0.226,0.000866543,0,0.000412765,1.3214E-06,0.000220864,0.00037712,0.00017712,2.60151E-08,0.00017858,0.000423408
0.228,0.000866543,0,0.000409531,1.93295E-06,0.000227321,0.000375682,0.00016595,3.00211E-07,0.000196086,0.000429294
0.23,0.000866543,0,0.000406312,2.65734E-06,0.00023372,0.00037384,0.000154864,1.58043E-06,0.00021374,0.000433315
0.232,0.000866543,0,0.000403106,3.49318E-06,0.000240054,0.000371598,0.000143901,3.86338E-06,0.000231427,0.000435437
0.234,0.000866543,0,0.000399915,4.43903E-06,0.000246315,0.000368963,0.000133098,7.14084E-06,0.000249029,0.000435639
0.236,0.000866543,0,0.000396738,5.49344E-06,0.000252496,0.000365939,0.000122494,1.13997E-05,0.000266429,0.000433919
0.238,0.000866543,0,0.000393575,6.65495E-06,0.00025859,0.000362536,0.000112124,1.66221E-05,0.000283513,0.000430292
0.24,0.000866543,0,0.000390426,7.92207E-06,0.000264591,0.00035876,0.000102026,2.27854E-05,0.000300167,0.00042479
0.242,0.000866543,0,0.000387292,9.29331E-06,0.000270492,0.00035462,9.22332E-05,2.98624E-05,0.000316281,0.00041746
0.244,0.000866543,0,0.000384171,1.07671E-05,0.000276286,0.000350127,8.2781E-05,3.78213E-05,0.000331748,0.000408368
0.246,0.000866543,0,0.000381065,1.23421E-05,0.000281967,0.00034529,7.37018E-05,4.6626E-05,0.000346465,0.000397593
0.248,0.000866543,0,0.000377972,1.40165E-05,0.000287529,0.000340119,6.50274E-05,5.62365E-05,0.000360334,0.00038523
0.25,0.000866543,0,0.000374894,1.57889E-05,0.000292966,0.000334628,5.6788E-05,6.66085E-05,0.000373262,0.000371388
0.252,0.000866543,0,0.00037183,1.76577E-05,0.000298272,0.000328828,4.90126E-05,7.76941E-05,0.000385165,0.000356189
0.254,0.000866543,0,0.00036878,1.96213E-05,0.000303442,0.000322731,4.17284E-05,8.9442E-05,0.000395962,0.000339768
0.256,0.000866543,0,0.000365744,2.16781E-05,0.00030847,0.000316351,3.49611E-05,0.000101798,0.000405582,0.000322269
0.258,0.000866543,0,0.000362722,2.38265E-05,0.00031335,0.000309702,2.87346E-05,0.000114703,0.00041396,0.000303847
0.26,0.000866543,0,0.000359715,2.60648E-05,0.000318078,0.000302799,2.30712E-05,0.000128098,0.000421041,0.000284664
0.262,0.000866543,0,0.000356722,2.83915E-05,0.000322648,0.000295656,1.79911E-05,0.000141919,0.000426776,0.000264891
0.264,0.000866543,0,0.000353742,3.08047E-05,0.000327056,0.000288288,1.35127E-05,0.000156103,0.000431128,0.000244702
0.266,0.000866543,0,0.000350777,3.3303E-05,0.000331298,0.000280713,9.65245E-06,0.000170581,0.000434068,0.000224276
0.268,0.000866543,0,0.000347827,3.58846E-05,0.000335369,0.000272946,6.42459E-06,0.000185287,0.000435575,0.000203793
0.27,0.000866543,0,0.00034489,3.85477E-05,0.000339264,0.000265003,3.84144E-06,0.00020015,0.000435639,0.000183434
0.272,0.000866543,0,0.000341967,4.12908E-05,0.000342981,0.000256901,1.91311E-06,0.0002151,0.000434259,0.00016338
0.274,0.000866543,0,0.000339059,4.41121E-05,0.000346515,0.000248659,6.47603E-07,0.000230066,0.000431444,0.000143807
0.276,0.000866543,0,0.000336165,4.70098E-05,0.000349862,0.000240293,5.07104E-08,0.000244979,0.000427213,0.000124889
0.278,0.000866543,0,0.000333285,4.99823E-05,0.000353021,0.000231821,1.26036E-07,0.000259766,0.000421594,0.000106794
0.28,0.000866543,0,0.000330419,5.30277E-05,0.000355986,0.000223261,8.74971E-07,0.000274358,0.000414622,8.96804E-05
0.282,0.000866543,0,0.000327567,5.61444E-05,0.000358756,0.000214631,2.29669E-06,0.000288686,0.000406345,7.37005E-05
0.284,0.000866543,0,0.00032473,5.93305E-05,0.000361328,0.00020595,4.38818E-06,0.000302682,0.000396817,5.89955E-05
0.286,0.000866543,0,0.000321907,6.25843E-05,0.000363699,0.000197235,7.14419E-06,0.000316279,0.000386102,4.56953E-05
0.288,0.000866543,0,0.000319098,6.59041E-05,0.000365868,0.000188506,1.05573E-05,0.000329412,0.000374269,3.39176E-05
0.29,0.000866543,0,0.000316303,6.9288E-05,0.000367832,0.00017978,1.4618E-05,0.00034202,0.000361398,2.37663E-05
0.292,0.000866543,0,0.000313522,7.27342E-05,0.000369589,0.000171076,1.93145E-05,0.000354041,0.000347574,1.53312E-05
0.294,0.000866543,0,0.000310755,7.6241E-05,0.000371139,0.000162412,2.46331E-05,0.000365419,0.000332889,8.68672E-06
0.296,0.000866543,0,0.000308003,7.98065E-05,0.000372479,0.000153807,3.0558E-05,0.0003761,0.00031744,3.89137E-06
0.298,0.000866543,0,0.000305265,8.3429E-05,0.000373609,0.000145278,3.70712E-05,0.000386033,0.000301329,9.87381E-07
0.3,0.000866543,0,0.00030254,8.71065E-05,0.000374528,0.000136844,4.41532E-05,0.000395169,0.000284665,1.57165E-10
0.302,0.000866543,0,0.000299831,9.08374E-05,0.000375235,0.000128522,5.17822E-05,0.000403467,0.000267556,9.38127E-07
0.304,0.000866543,0,0.000297135,9.46197E-05,0.00037573,0.000120329,5.9935E-05,0.000410885,0.000250117,3.79265E-06
0.306,0.000866543,0,0.000294453,9.84517E-05,0.000376012,0.000112283,6.85862E-05,0.000417389,0.000232464,8.53808E-06
0.308,0.000866543,0,0.000291786,0.000102331,0.000376083,0.000104401,7.77092E-05,0.000422947,0.000214714,1.5132E-05
0.31,0.000866543,0,0.000289132,0.000106257,0.000375942,9.66994E-05,8.72756E-05,0.000427533,0.000196984,2.35157E-05
0.312,0.000866543,0,0.000286493,0.000110227,0.000375589,8.91941E-05,9.72557E-05,0.000431124,0.000179394,3.36145E-05
0.314,0.000866543,0,0.000283868,0.000114239,0.000375025,8.19009E-05,0.000107618,0.000433704,0.000162058,4.53385E-05
0.316,0.000866543,0,0.000281257,0.000118292,0.000374252,7.48354E-05,0.000118331,0.00043526,0.000145094,5.85834E-05
0.318,0.000866543,0,0.000278661,0.000122383,0.000373271,6.80124E-05,0.00012936,0.000435784,0.000128613,7.32315E-05
0.32,0.000866543,0,0.000276078,0.000126511,0.000372082,6.14463E-05,0.000140671,0.000435274,0.000112725,8.91526E-05
0.322,0.000866543,0,0.00027351,0.000130674,0.000370688,5.5151E-05,0.000152228,0.000433731,9.75348E-05,0.000106205
0.324,0.000866543,0,0.000270955,0.00013487,0.000369091,4.91398E-05,0.000163996,0.000431164,8.31445E-05,0.000124238
0.326,0.000866543,0,0.000268415,0.000139097,0.000367292,4.34255E-05,0.000175936,0.000427583,6.96492E-05,0.00014309
0.328,0.000866543,0,0.000265889,0.000143354,0.000365293,3.80201E-05,0.000188011,0.000423006,5.71385E-05,0.000162595
0.33,0.000866543,0,0.000263377,0.000147638,0.000363098,3.29354E-05,0.000200183,0.000417455,4.56955E-05,0.000182579
0.332,0.000866543,0,0.000260879,0.000151949,0.000360709,2.8182E-05,0.000212413,0.000410955,3.53963E-05,0.000202865
0.334,0.000866543,0,0.000258395,0.000156282,0.000358129,2.37704E-05,0.000224664,0.000403538,2.63091E-05,0.000223272
0.336,0.000866543,0,0.000255926,0.000160638,0.00035536,1.971E-05,0.000236895,0.000395238,1.84944E-05,0.00024362
0.338,0.000866543,0,0.00025347,0.000165015,0.000352406,1.60097E-05,0.000249068,0.000386095,1.20038E-05,0.000263727
0.34,0.000866543,0,0.000251028,0.00016941,0.000349271,1.26775E-05,0.000261145,0.000376153,6.88048E-06,0.000283416
0.342,0.000866543,0,0.000248601,0.000173821,0.000345959,9.72096E-06,0.000273087,0.000365457,3.15828E-06,0.00030251
0.344,0.000866543,0,0.000246187,0.000178247,0.000342472,7.14658E-06,0.000284857,0.00035406,8.61785E-07,0.000320842
0.346,0.000866543,0,0.000243788,0.000182686,0.000338815,4.96027E-06,0.000296416,0.000342016,6.08232E-09,0.000338247
0.348,0.000866543,0,0.000241402,0.000187137,0.000334993,3.16711E-06,0.000307729,0.000329381,5.96653E-07,0.000354572
0.35,0.000866543,0,0.000239031,0.000191596,0.000331009,1.77144E-06,0.000318759,0.000316216,2.62935E-06,0.000369672
0.352,0.000866543,0,0.000236674,0.000196064,0.000326868,7.76743E-07,0.00032947,0.000302583,6.09043E-06,0.000383413
0.354,0.000866543,0,0.00023433,0.000200537,0.000322575,1.85758E-07,0.00033983,0.000288546,1.09566E-05,0.000395671
0.356,0.000866543,0,0.000232001,0.000205015,0.000318134,3.9299E-10,0.000349804,0.000274174,1.71953E-05,0.00040634
0.358,0.000866543,0,0.000229685,0.000209494,0.000313551,2.21754E-07,0.000359362,0.000259534,2.47647E-05,0.000415324
0.36,0.000866543,0,0.000227384,0.000213975,0.00030883,8.50136E-07,0.000368472,0.000244695,3.36142E-05,0.000422544
0.362,0.000866543,0,0.000225096,0.000218454,0.000303978,1.88503E-06,0.000377106,0.000229729,4.36846E-05,0.000427934
0.364,0.000866543,0,0.000222823,0.00022293,0.000298999,3.3251E-06,0.000385236,0.000214706,5.49086E-05,0.000431448
0.366,0.000866543,0,0.000220563,0.000227402,0.000293898,5.16824E-06,0.000392836,0.000199698,6.72114E-05,0.000433055
0.368,0.000866543,0,0.000218317,0.000231867,0.000288682,7.4115E-06,0.000399882,0.000184777,8.05107E-05,0.000432739
0.37,0.000866543,0,0.000216086,0.000236324,0.000283357,1.00512E-05,0.000406351,0.000170013,9.47177E-05,0.000430505
0.372,0.000866543,0,0.000213868,0.000240772,0.000277927,1.30827E-05,0.000412223,0.000155476,0.000109738,0.000426371
0.374,0.000866543,0,0.000211664,0.000245208,0.0002724,1.65008E-05,0.000417478,0.000141236,0.00012547,0.000420375
0.376,0.000866543,0,0.000209473,0.000249631,0.00026678,2.02995E-05,0.0004221,0.000127361,0.00014181,0.000412569
0.378,0.000866543,0,0.000207297,0.00025404,0.000261075,2.44719E-05,0.000426074,0.000113916,0.000158649,0.000403024
0.38,0.000866543,0,0.000205135,0.000258432,0.000255291,2.90104E-05,0.000429388,0.000100966,0.000175874,0.000391823
0.382,0.000866543,0,0.000202986,0.000262806,0.000249433,3.39068E-05,0.00043203,8.85718E-05,0.000193371,0.000379066
0.384,0.000866543,0,0.000200851,0.000267161,0.000243509,3.9152E-05,0.000433993,7.67927E-05,0.000211022,0.000364867
0.386,0.000866543,0,0.00019873,0.000271495,0.000237524,4.47364E-05,0.000435269,6.56848E-05,0.00022871,0.000349352
0.388,0.000866543,0,0.000196622,0.000275806,0.000231486,5.06496E-05,0.000435855,5.53007E-05,0.000246317,0.000332658
0.39,0.000866543,0,0.000194529,0.000280092,0.0002254,5.68805E-05,0.000435748,4.56901E-05,0.000263725,0.000314934
0.392,0.000866543,0,0.000192449,0.000284353,0.000219274,6.34175E-05,0.00043495,3.68984E-05,0.000280819,0.000296336
0.394,0.000866543,0,0.000190383,0.000288587,0.000213114,7.02484E-05,0.000433461,2.89676E-05,0.000297484,0.00027703
0.396,0.000866543,0,0.00018833,0.000292791,0.000206927,7.73602E-05,0.000431288,2.19354E-05,0.000313609,0.000257188
0.398,0.000866543,0,0.000186291,0.000296966,0.00020072,8.47396E-05,0.000428436,1.5835E-05,0.000329087,0.000236985
0.4,0.000866543,0,0.000184266,0.000301108,0.000194499,9.23725E-05,0.000424915,1.06956E-05,0.000343814,0.000216601
0.402,0.000866543,0,0.000182255,0.000305217,0.000188271,0.000100245,0.000420736,6.54149E-06,0.000357692,0.000196217
0.404,0.000866543,0,0.000180257,0.000309292,0.000182042,0.000108341,0.000415912,3.39234E-06,0.000370629,0.000176014
0.406,0.000866543,0,0.000178272,0.00031333,0.000175821,0.000116646,0.000410458,1.26306E-06,0.000382538,0.000156171
0.408,0.000866543,0,0.000176302,0.000317331,0.000169613,0.000125144,0.000404392,1.63683E-07,0.00039334,0.000136864
0.41,0.000866543,0,0.000174345,0.000321293,0.000163424,0.000133819,0.000397732,9.93256E-08,0.000402963,0.000118265
0.412,0.000866543,0,0.000172401,0.000325215,0.000157263,0.000142654,0.000390501,1.07017E-06,0.000411343,0.000100539
0.414,0.000866543,0,0.000170471,0.000329095,0.000151135,0.000151633,0.000382721,3.07147E-06,0.000418424,8.3843E-05
0.416,0.000866543,0,0.000168554,0.000332932,0.000145047,0.000160737,0.000374416,6.09356E-06,0.000424158,6.83253E-05
0.418,0.000866543,0,0.000166651,0.000336725,0.000139006,0.000169951,0.000365614,1.01219E-05,0.000428508,5.41238E-05
0.42,0.000866543,0,0.000164761,0.000340472,0.000133019,0.000179256,0.000356341,1.51371E-05,0.000431444,4.13645E-05
0.422,0.000866543,0,0.000162885,0.000344173,0.000127091,0.000188633,0.000346628,2.11152E-05,0.000432947,3.01608E-05
0.424,0.000866543,0,0.000161022,0.000347826,0.00012123,0.000198067,0.000336506,2.80276E-05,0.000433007,2.0612E-05
0.426,0.000866543,0,0.000159173,0.000351429,0.000115441,0.000207537,0.000326006,3.58411E-05,0.000431623,1.28029E-05
0.428,0.000866543,0,0.000157336,0.000354982,0.000109731,0.000217026,0.000315162,4.45183E-05,0.000428805,6.80296E-06
0.43,0.000866543,0,0.000155514,0.000358484,0.000104107,0.000226516,0.000304009,5.40178E-05,0.000424571,2.66533E-06
0.432,0.000866543,0,0.000153704,0.000361933,9.85737E-05,0.000235988,0.000292581,6.42942E-05,0.000418951,4.26791E-07
0.434,0.000866543,0,0.000151908,0.000365328,9.31381E-05,0.000245425,0.000280916,7.52982E-05,0.00041198,1.07225E-07
0.436,0.000866543,0,0.000150125,0.000368668,8.78059E-05,0.000254808,0.000269051,8.69773E-05,0.000403706,1.70948E-06
0.438,0.000866543,0,0.000148355,0.000371952,8.25829E-05,0.000264118,0.000257023,9.92757E-05,0.000394185,5.21935E-06
0.44,0.000866543,0,0.000146598,0.000375179,7.7475E-05,0.000273339,0.00024487,0.000112135,0.000383478,1.06057E-05
0.442,0.000866543,0,0.000144855,0.000378348,7.24877E-05,0.000282451,0.000232632,0.000125493,0.000371659,1.78207E-05
0.444,0.000866543,0,0.000143125,0.000381459,6.76265E-05,0.000291439,0.000220346,0.000139286,0.000358805,2.68004E-05
0.446,0.000866543,0,0.000141408,0.000384509,6.28969E-05,0.000300283,0.000208054,0.000153448,0.000345003,3.7465E-05
0.448,0.000866543,0,0.000139704,0.000387498,5.83041E-05,0.000308968,0.000195792,0.000167912,0.000330344,4.97199E-05
0.45,0.000866543,0,0.000138013,0.000390425,5.38531E-05,0.000317476,0.000183601,0.000182609,0.000314926,6.34563E-05
0.452,0.000866543,0,0.000136335,0.00039329,4.9549E-05,0.000325791,0.00017152,0.000197468,0.000298853,7.85524E-05
0.454,0.000866543,0,0.00013467,0.00039609,4.53966E-05,0.000333896,0.000159586,0.000212419,0.000282231,9.4874E-05
0.456,0.000866543,0,0.000133018,0.000398827,4.14005E-05,0.000341777,0.000147838,0.000227389,0.00026517,0.000112276
0.458,0.000866543,0,0.000131379,0.000401498,3.75654E-05,0.000349417,0.000136313,0.000242308,0.000247786,0.000130605
0.46,0.000866543,0,0.000129753,0.000404103,3.38955E-05,0.000356803,0.000125048,0.000257104,0.000230194,0.000149698
0.462,0.000866543,0,0.000128139,0.000406641,3.0395E-05,0.000363919,0.000114079,0.000271707,0.000212511,0.000169384
0.464,0.000866543,0,0.000126539,0.000409112,2.7068E-05,0.000370752,0.000103441,0.000286047,0.000194855,0.00018949
0.466,0.000866543,0,0.000124951,0.000411514,2.39183E-05,0.000377288,9.31665E-05,0.000300055,0.000177344,0.000209837
0.468,0.000866543,0,0.000123377,0.000413847,2.09496E-05,0.000383515,8.32896E-05,0.000313664,0.000160095,0.000230244
0.47,0.000866543,0,0.000121815,0.000416111,1.81654E-05,0.000389422,7.38413E-05,0.00032681,0.000143222,0.00025053
0.472,0.000866543,0,0.000120265,0.000418304,1.5569E-05,0.000394995,6.48516E-05,0.00033943,0.000126839,0.000270516
0.474,0.000866543,0,0.000118729,0.000420427,1.31635E-05,0.000400225,5.63492E-05,0.000351463,0.000111054,0.000290023
0.476,0.000866543,0,0.000117205,0.000422478,1.0952E-05,0.000405101,4.83611E-05,0.000362852,9.59728E-05,0.000308879
0.478,0.000866543,0,0.000115693,0.000424457,8.937E-06,0.000409614,4.09127E-05,0.000373543,8.16961E-05,0.000326917
0.48,0.000866543,0,0.000114195,0.000426363,7.12121E-06,0.000413754,3.40276E-05,0.000383485,6.8319E-05,0.000343975
0.482,0.000866543,0,0.000112708,0.000428197,5.50696E-06,0.000417515,2.77278E-05,0.000392629,5.59307E-05,0.000359903
0.484,0.000866543,0,0.000111235,0.000429957,4.09639E-06,0.000420888,2.20331E-05,0.000400933,4.46138E-05,0.00037456
0.486,0.000866543,0,0.000109774,0.000431643,2.89146E-06,0.000423866,1.69617E-05,0.000408357,3.44439E-05,0.000387815
0.488,0.000866543,0,0.000108325,0.000433255,1.89392E-06,0.000426445,1.25297E-05,0.000414866,2.54887E-05,0.00039955
0.49,0.000866543,0,0.000106888,0.000434792,1.10531E-06,0.000428619,8.75095E-06,0.000420427,1.7808E-05,0.000409662
0.492,0.000866543,0,0.000105464,0.000436255,5.26977E-07,0.000430383,5.63755E-06,0.000425016,1.1453E-05,0.00041806
0.494,0.000866543,0,0.000104053,0.000437641,1.60049E-07,0.000431734,3.19926E-06,0.000428609,6.46611E-06,0.000424671
0.496,0.000866543,0,0.000102654,0.000438953,5.44706E-09,0.000432669,1.44372E-06,0.00043119,2.88062E-06,0.000429435
0.498,0.000866543,0,0.000101266,0.000440188,6.38859E-08,0.000433187,3.76425E-07,0.000432747,7.20442E-07,0.000432311
0.5,0.000866543,0,9.98916E-05,0.000441347,3.35868E-07,0.000433286,6.284E-10,0.000433272,1.16747E-12,0.000433272
0.502,0.000866543,0,9.8529E-05,0.00044243,8.21686E-07,0.000432966,3.17395E-07,0.000432762,7.24119E-07,0.00043231
0.504,0.000866543,0,9.71785E-05,0.000443436,1.52142E-06,0.000432228,1.32557E-06,0.00043122,2.88799E-06,0.000429434
0.506,0.000866543,0,9.58401E-05,0.000444365,2.43494E-06,0.000431072,3.02179E-06,0.000428654,6.47719E-06,0.000424669
0.508,0.000866543,0,9.45138E-05,0.000445218,3.56192E-06,0.000429502,5.40049E-06,0.000425075,1.14678E-05,0.000418057
0.51,0.000866543,0,9.31995E-05,0.000445993,4.90179E-06,0.000427519,8.45393E-06,0.000420501,1.78266E-05,0.000409658
0.512,0.000866543,0,9.18972E-05,0.000446692,6.4538E-06,0.000425128,1.21722E-05,0.000414954,2.55112E-05,0.000399545
0.514,0.000866543,0,9.06068E-05,0.000447314,8.21698E-06,0.000422333,1.65433E-05,0.00040846,3.44703E-05,0.000387809
0.516,0.000866543,0,8.93284E-05,0.000447858,1.01902E-05,0.00041914,2.1553E-05,0.00040105,4.46443E-05,0.000374553
0.518,0.000866543,0,8.80618E-05,0.000448326,1.2372E-05,0.000415554,2.71853E-05,0.00039276,5.59653E-05,0.000359896
0.52,0.000866543,0,8.6807E-05,0.000448716,1.47608E-05,0.000411583,3.34219E-05,0.000383629,6.83578E-05,0.000343967
0.522,0.000866543,0,8.55641E-05,0.00044903,1.73548E-05,0.000407233,4.02429E-05,0.0003737,8.17392E-05,0.000326908
0.524,0.000866543,0,8.43328E-05,0.000449266,2.01521E-05,0.000402514,4.76261E-05,0.000363022,9.60204E-05,0.00030887
0.526,0.000866543,0,8.31133E-05,0.000449426,2.31505E-05,0.000397434,5.5548E-05,0.000351645,0.000111106,0.000290014
0.528,0.000866543,0,8.19055E-05,0.000449509,2.63475E-05,0.000392003,6.3983E-05,0.000339623,0.000126896,0.000270506
0.53,0.000866543,0,8.07092E-05,0.000449516,2.97407E-05,0.000386232,7.2904E-05,0.000327015,0.000143284,0.00025052
0.532,0.000866543,0,7.95245E-05,0.000449447,3.33271E-05,0.000380131,8.22823E-05,0.000313879,0.000160162,0.000230233
0.534,0.000866543,0,7.83513E-05,0.000449301,3.71039E-05,0.000373712,9.20879E-05,0.00030028,0.000177416,0.000209826
0.536,0.000866543,0,7.71897E-05,0.00044908,4.10679E-05,0.000366989,0.000102289,0.000286281,0.000194933,0.000189478
0.538,0.000866543,0,7.60394E-05,0.000448783,4.52157E-05,0.000359973,0.000112853,0.00027195,0.000212594,0.000169372
0.54,0.000866543,0,7.49006E-05,0.000448411,4.9544E-05,0.000352678,0.000123747,0.000257354,0.000230283,0.000149686
0.542,0.000866543,0,7.3773E-05,0.000447965,5.40488E-05,0.000345118,0.000134934,0.000242565,0.000247881,0.000130594
0.544,0.000866543,0,7.26568E-05,0.000447444,5.87265E-05,0.000337308,0.000146379,0.000227652,0.000265271,0.000112265
0.546,0.000866543,0,7.15519E-05,0.000446848,6.3573E-05,0.000329263,0.000158046,0.000212687,0.000282338,9.48629E-05
0.548,0.000866543,0,7.04581E-05,0.000446179,6.85841E-05,0.000320998,0.000169897,0.00019774,0.000298966,7.85416E-05
0.55,0.000866543,0,6.93755E-05,0.000445437,7.37554E-05,0.000312529,0.000181893,0.000182884,0.000315047,6.3446E-05
0.552,0.000866543,0,6.8304E-05,0.000444622,7.90824E-05,0.000303874,0.000193997,0.000168189,0.000330471,4.97103E-05
0.554,0.000866543,0,6.72436E-05,0.000443734,8.45605E-05,0.000295047,0.000206169,0.000153726,0.000345137,3.74561E-05
0.556,0.000866543,0,6.61942E-05,0.000442775,9.01849E-05,0.000286068,0.000218371,0.000139563,0.000358947,2.67925E-05
0.558,0.000866543,0,6.51558E-05,0.000441744,9.59505E-05,0.000276952,0.000230563,0.000125768,0.000371808,1.78139E-05
0.56,0.000866543,0,6.41283E-05,0.000440643,0.000101852,0.000267718,0.000242707,0.000112407,0.000383635,1.06001E-05
0.562,0.000866543,0,6.31116E-05,0.000439471,0.000107885,0.000258383,0.000254762,9.95436E-05,0.000394349,5.21524E-06
0.564,0.000866543,0,6.21058E-05,0.00043823,0.000114044,0.000248966,0.000266691,8.72392E-05,0.000403879,1.707E-06
0.566,0.000866543,0,6.11108E-05,0.00043692,0.000120323,0.000239484,0.000278455,7.55525E-05,0.000412161,1.06571E-07
0.568,0.000866543,0,6.01265E-05,0.000435541,0.000126716,0.000229957,0.000290016,6.45393E-05,0.000419139,4.28169E-07
0.57,0.000866543,0,5.91528E-05,0.000434095,0.000133218,0.000220403,0.000301338,5.42521E-05,0.000424768,2.66895E-06
0.572,0.000866543,0,5.81898E-05,0.000432582,0.000139824,0.00021084,0.000312384,4.474E-05,0.00042901,6.80905E-06
0.574,0.000866543,0,5.72374E-05,0.000431002,0.000146526,0.000201287,0.000323118,3.60482E-05,0.000431837,1.28117E-05
0.576,0.000866543,0,5.62954E-05,0.000429357,0.00015332,0.000191762,0.000333506,2.82183E-05,0.000433229,2.06237E-05
0.578,0.000866543,0,5.5364E-05,0.000427647,0.000160199,0.000182284,0.000343514,2.12875E-05,0.000433178,3.01757E-05
0.58,0.000866543,0,5.44429E-05,0.000425873,0.000167157,0.000172872,0.000353111,1.52889E-05,0.000431683,4.13829E-05
0.582,0.000866543,0,5.35323E-05,0.000424035,0.000174188,0.000163544,0.000362265,1.02511E-05,0.000428755,5.41459E-05
0.584,0.000866543,0,5.26319E-05,0.000422135,0.000181285,0.000154318,0.000370948,6.19784E-06,0.000424414,6.83514E-05
0.586,0.000866543,0,5.17418E-05,0.000420174,0.000188443,0.000145211,0.000379131,3.14856E-06,0.000418688,8.38734E-05
0.588,0.000866543,0,5.08619E-05,0.000418151,0.000195654,0.000136243,0.000386787,1.11767E-06,0.000411615,0.000100574
0.59,0.000866543,0,4.99922E-05,0.000416069,0.000202912,0.00012743,0.000393893,1.14747E-07,0.000403244,0.000118305
0.592,0.000866543,0,4.91326E-05,0.000413927,0.000210211,0.00011879,0.000400426,1.44467E-07,0.000393628,0.000136909
0.594,0.000866543,0,4.8283E-05,0.000411728,0.000217544,0.000110339,0.000406363,1.20656E-06,0.000382833,0.000156222
0.596,0.000866543,0,4.74435E-05,0.000409471,0.000224905,0.000102095,0.000411687,3.29583E-06,0.000370931,0.00017607
0.598,0.000866543,0,4.66138E-05,0.000407158,0.000232287,9.40725E-05,0.00041638,6.40217E-06,0.000358001,0.00019628
0.6,0.000866543,0,4.57941E-05,0.000404789,0.000239683,8.62887E-05,0.000420427,1.05106E-05,0.000344129,0.00021667
0.602,0.000866543,0,4.49842E-05,0.000402366,0.000247087,7.87584E-05,0.000423815,1.56013E-05,0.000329407,0.000237061
0.604,0.000866543,0,4.4184E-05,0.000399889,0.000254491,7.14966E-05,0.000426533,2.16499E-05,0.000313935,0.000257271
0.606,0.000866543,0,4.33936E-05,0.00039736,0.000261891,6.45176E-05,0.000428571,2.86273E-05,0.000297814,0.00027712
0.608,0.000866543,0,4.26129E-05,0.000394779,0.000269278,5.78352E-05,0.000429925,3.65001E-05,0.000281153,0.000296434
0.61,0.000866543,0,4.18417E-05,0.000392148,0.000276646,5.14628E-05,0.000430588,4.52304E-05,0.000264062,0.000315039
0.612,0.000866543,0,4.10802E-05,0.000389468,0.000283988,4.54131E-05,0.000430558,5.47764E-05,0.000246655,0.000332772
0.614,0.000866543,0,4.03281E-05,0.000386739,0.000291299,3.96982E-05,0.000429837,6.50923E-05,0.00022905,0.000349475
0.616,0.000866543,0,3.95855E-05,0.000383963,0.000298571,3.43296E-05,0.000428425,7.61286E-05,0.000211361,0.000364999
0.618,0.000866543,0,3.88522E-05,0.00038114,0.000305798,2.9318E-05,0.000426328,8.78325E-05,0.000193709,0.000379207
0.62,0.000866543,0,3.81283E-05,0.000378273,0.000312974,2.46736E-05,0.000423552,0.000100148,0.00017621,0.000391973
0.622,0.000866543,0,3.74136E-05,0.000375361,0.000320091,2.0406E-05,0.000420105,0.000113016,0.000158981,0.000403183
0.624,0.000866543,0,3.67082E-05,0.000372407,0.000327145,1.65238E-05,0.000416,0.000126374,0.000142137,0.000412738
0.626,0.000866543,0,3.60119E-05,0.00036941,0.000334128,1.30352E-05,0.000411248,0.00014016,0.00012579,0.000420554
0.628,0.000866543,0,3.53248E-05,0.000366373,0.000341034,9.94731E-06,0.000405865,0.000154306,0.000110049,0.00042656
0.63,0.000866543,0,3.46466E-05,0.000363296,0.000347858,7.26677E-06,0.000399868,0.000168745,9.50193E-05,0.000430704
0.632,0.000866543,0,3.39775E-05,0.000360181,0.000354592,4.99934E-06,0.000393276,0.000183408,8.08003E-05,0.000432949
0.634,0.000866543,0,3.33172E-05,0.000357028,0.000361232,3.15002E-06,0.00038611,0.000198224,6.74869E-05,0.000433275
0.636,0.000866543,0,3.26659E-05,0.00035384,0.000367771,1.72303E-06,0.000378394,0.000213122,5.5168E-05,0.000431679
0.638,0.000866543,0,3.20233E-05,0.000350616,0.000374203,7.21769E-07,0.000370152,0.000228032,4.39255E-05,0.000428175
0.64,0.000866543,0,3.13895E-05,0.000347358,0.000380524,1.48868E-07,0.00036141,0.000242881,3.38343E-05,0.000422794
0.642,0.000866543,0,3.07644E-05,0.000344068,0.000386726,6.1382E-09,0.000352196,0.000257599,2.49616E-05,0.000415585
0.644,0.000866543,0,3.01479E-05,0.000340747,0.000392806,2.94584E-07,0.000342541,0.000272115,1.73662E-05,0.00040661
0.646,0.000866543,0,2.954E-05,0.000337395,0.000398757,1.0144E-06,0.000332473,0.000286359,1.10988E-05,0.000395951
0.648,0.000866543,0,2.89405E-05,0.000334014,0.000404575,2.16497E-06,0.000322027,0.000300262,6.201E-06,0.000383701
0.65,0.000866543,0,2.83496E-05,0.000330605,0.000410254,3.74488E-06,0.000311236,0.00031376,2.70522E-06,0.000369969
0.652,0.000866543,0,2.7767E-05,0.00032717,0.00041579,5.75189E-06,0.000300133,0.000326785,6.3461E-07,0.000354877
0.654,0.000866543,0,2.71927E-05,0.000323709,0.000421177,8.18297E-06,0.000288756,0.000339277,2.78727E-09,0.000338559
0.656,0.000866543,0,2.66267E-05,0.000320224,0.000426411,1.10343E-05,0.00027714,0.000351175,8.13754E-07,0.00032116
0.658,0.000866543,0,2.6069E-05,0.000316716,0.000431488,1.43013E-05,0.000265323,0.000362422,3.06188E-06,0.000302835
0.66,0.000866543,0,2.55193E-05,0.000313186,0.000436403,1.79785E-05,0.000253342,0.000372964,6.73195E-06,0.000283745
0.662,0.000866543,0,2.49778E-05,0.000309635,0.000441152,2.20598E-05,0.000241237,0.00038275,1.17992E-05,0.00026406
0.664,0.000866543,0,2.44442E-05,0.000306065,0.000445731,2.65383E-05,0.000229046,0.000391734,1.82297E-05,0.000243955
0.666,0.000866543,0,2.39187E-05,0.000302477,0.000450137,3.14063E-05,0.000216809,0.000399872,2.59802E-05,0.000223609
0.668,0.000866543,0,2.3401E-05,0.000298872,0.000454365,3.66554E-05,0.000204565,0.000407125,3.49988E-05,0.000203201
0.67,0.000866543,0,2.28911E-05,0.000295252,0.000458412,4.22766E-05,0.000192353,0.000413459,4.52249E-05,0.000182914
0.672,0.000866543,0,2.23891E-05,0.000291617,0.000462275,4.826E-05,0.000180213,0.000418842,5.65903E-05,0.000162926
0.674,0.000866543,0,2.18947E-05,0.000287968,0.00046595,5.45952E-05,0.000168185,0.000423248,6.90187E-05,0.000143416
0.676,0.000866543,0,2.1408E-05,0.000284307,0.000469435,6.12711E-05,0.000156306,0.000426657,8.24269E-05,0.000124556
0.678,0.000866543,0,2.09289E-05,0.000280636,0.000472726,6.8276E-05,0.000144617,0.000429052,9.67251E-05,0.000106513
0.68,0.000866543,0,2.04573E-05,0.000276955,0.000475822,7.55974E-05,0.000133154,0.000430422,0.000111818,8.94486E-05
0.682,0.000866543,0,1.99932E-05,0.000273265,0.00047872,8.32225E-05,0.000121954,0.000430758,0.000127604,7.35127E-05
0.684,0.000866543,0,1.95365E-05,0.000269568,0.000481417,9.11377E-05,0.000111055,0.00043006,0.000143978,5.88471E-05
0.686,0.000866543,0,1.90871E-05,0.000265865,0.000483912,9.9329E-05,0.000100492,0.000428331,0.00016083,4.55817E-05
0.688,0.000866543,0,1.8645E-05,0.000262157,0.000486202,0.000107782,9.02985E-05,0.000425579,0.000178047,3.38341E-05
0.69,0.000866543,0,1.82101E-05,0.000258446,0.000488286,0.000116481,8.05086E-05,0.000421817,0.000195514,2.37083E-05
0.692,0.000866543,0,1.77824E-05,0.000254732,0.000490163,0.000125412,7.11543E-05,0.000417062,0.000213115,1.52941E-05
0.694,0.000866543,0,1.73617E-05,0.000251016,0.000491831,0.000134557,6.22662E-05,0.000411338,0.000230731,8.66582E-06
0.696,0.000866543,0,1.69481E-05,0.0002473,0.00049329,0.000143902,5.38736E-05,0.000404671,0.000248245,3.88207E-06
0.698,0.000866543,0,1.65414E-05,0.000243586,0.000494538,0.000153428,4.60044E-05,0.000397093,0.000265539,9.85049E-07
0.7,0.000866543,0,1.61416E-05,0.000239873,0.000495574,0.00016312,3.86845E-05,0.00038864,0.000282497,1.57353E-10
0.702,0.000866543,0,1.57487E-05,0.000236164,0.000496399,0.00017296,3.19384E-05,0.000379353,0.000299007,9.35825E-07
0.704,0.000866543,0,1.53625E-05,0.000232458,0.000497012,0.000182931,2.57887E-05,0.000369277,0.000314957,3.78341E-06
0.706,0.000866543,0,1.4983E-05,0.000228759,0.000497413,0.000193014,2.02562E-05,0.000358458,0.000330241,8.51728E-06
0.708,0.000866543,0,1.46102E-05,0.000225066,0.000497601,0.000203191,1.53598E-05,0.00034695,0.000344755,1.5095E-05
0.71,0.000866543,0,1.42439E-05,0.00022138,0.000497578,0.000213446,1.11163E-05,0.000334806,0.000358404,2.34579E-05
0.712,0.000866543,0,1.38842E-05,0.000217704,0.000497344,0.000223759,7.54055E-06,0.000322086,0.000371095,3.35312E-05
0.714,0.000866543,0,1.35309E-05,0.000214037,0.0004969,0.000234112,4.64534E-06,0.00030885,0.000382744,4.52251E-05
0.716,0.000866543,0,1.3184E-05,0.000210381,0.000496246,0.000244486,2.4413E-06,0.000295161,0.000393272,5.84353E-05
0.718,0.000866543,0,1.28434E-05,0.000206737,0.000495384,0.000254864,9.36938E-07,0.000281086,0.000402608,7.30441E-05
0.72,0.000866543,0,1.2509E-05,0.000203107,0.000494314,0.000265227,1.38557E-07,0.000266691,0.00041069,8.89212E-05
0.722,0.000866543,0,1.21809E-05,0.00019949,0.000493039,0.000275556,5.02832E-08,0.000252046,0.000417464,0.000105925
0.724,0.000866543,0,1.18589E-05,0.000195888,0.00049156,0.000285834,6.74031E-07,0.000237222,0.000422883,0.000123905
0.726,0.000866543,0,1.15429E-05,0.000192302,0.000489879,0.000296042,2.0095E-06,0.000222289,0.000426912,0.0001427
0.728,0.000866543,0,1.1233E-05,0.000188734,0.000487997,0.000306162,4.05419E-06,0.00020732,0.000429523,0.000162143
0.73,0.000866543,0,1.0929E-05,0.000185183,0.000485918,0.000316176,6.80337E-06,0.000192386,0.000430698,0.00018206
0.732,0.000866543,0,1.06309E-05,0.000181651,0.000483643,0.000326067,1.02502E-05,0.00017756,0.000430429,0.000202275
0.734,0.000866543,0,1.03385E-05,0.00017814,0.000481176,0.000335818,1.43855E-05,0.000162913,0.000428718,0.000222606
0.736,0.000866543,0,1.0052E-05,0.000174649,0.000478518,0.000345411,1.91982E-05,0.000148516,0.000425575,0.000242874
0.738,0.000866543,0,9.77107E-06,0.000171179,0.000475672,0.00035483,2.46749E-05,0.000134439,0.000421021,0.000262897
0.74,0.000866543,0,9.49579E-06,0.000167733,0.000472643,0.000364058,3.08003E-05,0.00012075,0.000415087,0.000282498
0.742,0.000866543,0,9.22606E-06,0.00016431,0.000469432,0.000373079,3.75571E-05,0.000107515,0.000407812,0.0003015
0.744,0.000866543,0,8.96183E-06,0.000160911,0.000466044,0.000381878,4.49259E-05,9.47994E-05,0.000399244,0.000319736
0.746,0.000866543,0,8.70302E-06,0.000157538,0.000462481,0.00039044,5.28856E-05,8.26642E-05,0.00038944,0.000337041
0.748,0.000866543,0,8.44958E-06,0.00015419,0.000458748,0.000398749,6.14131E-05,7.11692E-05,0.000378466,0.000353263
0.75,0.000866543,0,8.20143E-06,0.00015087,0.000454849,0.000406793,7.04838E-05,6.03706E-05,0.000366395,0.000368256
0.752,0.000866543,0,7.95851E-06,0.000147577,0.000450786,0.000414556,8.00712E-05,5.03216E-05,0.000353306,0.000381887
0.754,0.000866543,0,7.72077E-06,0.000144312,0.000446565,0.000422026,9.01472E-05,4.1072E-05,0.000339289,0.000394033
0.756,0.000866543,0,7.48814E-06,0.000141077,0.00044219,0.00042919,0.000100682,3.26676E-05,0.000324436,0.000404587
0.758,0.000866543,0,7.26055E-06,0.000137871,0.000437664,0.000436037,0.000111646,2.51506E-05,0.000308847,0.000413453
0.76,0.000866543,0,7.03794E-06,0.000134697,0.000432993,0.000442555,0.000123006,1.85587E-05,0.000292626,0.000420553
0.762,0.000866543,0,6.82024E-06,0.000131553,0.000428181,0.000448733,0.000134728,1.29256E-05,0.000275882,0.000425822
0.764,0.000866543,0,6.60741E-06,0.000128441,0.000423232,0.000454561,0.000146779,8.2806E-06,0.000258727,0.000429214
0.766,0.000866543,0,6.39936E-06,0.000125362,0.000418151,0.000460029,0.000159122,4.64812E-06,0.000241277,0.000430698
0.768,0.000866543,0,6.19604E-06,0.000122317,0.000412944,0.00046513,0.000171722,2.04806E-06,0.000223647,0.00043026
0.77,0.000866543,0,5.99739E-06,0.000119305,0.000407615,0.000469854,0.000184542,4.95495E-07,0.000205958,0.000427902
0.772,0.000866543,0,5.80333E-06,0.000116327,0.00040217,0.000474196,0.000197543,6.14014E-10,0.000188327,0.000423647
0.774,0.000866543,0,5.61382E-06,0.000113385,0.000396613,0.000478147,0.000210688,5.68707E-07,0.000170875,0.000417531
0.776,0.000866543,0,5.42879E-06,0.000110478,0.000390949,0.000481702,0.000223937,2.20012E-06,0.000153717,0.000409608
0.778,0.000866543,0,5.24817E-06,0.000107607,0.000385184,0.000484856,0.000237253,4.89028E-06,0.000136971,0.000399948
0.78,0.000866543,0,5.0719E-06,0.000104773,0.000379324,0.000487605,0.000250595,8.62969E-06,0.000120749,0.000388637
0.782,0.000866543,0,4.89993E-06,0.000101976,0.000373373,0.000489944,0.000263925,1.3404E-05,0.000105162,0.000375775
0.784,0.000866543,0,4.73218E-06,9.92161E-05,0.000367337,0.000491872,0.000277204,1.9194E-05,9.03154E-05,0.000361477
0.786,0.000866543,0,4.5686E-06,9.64945E-05,0.000361222,0.000493385,0.000290392,2.5976E-05,7.63104E-05,0.000345869
0.788,0.000866543,0,4.40912E-06,9.38113E-05,0.000355033,0.000494484,0.000303453,3.37214E-05,6.32428E-05,0.00032909
0.79,0.000866543,0,4.25369E-06,9.11668E-05,0.000348775,0.000495166,0.000316347,4.23974E-05,5.12023E-05,0.00031129
0.792,0.000866543,0,4.10224E-06,8.85615E-05,0.000342455,0.000495432,0.000329037,5.19668E-05,4.02719E-05,0.000292627
0.794,0.000866543,0,3.95472E-06,8.59957E-05,0.000336078,0.000495284,0.000341486,6.23884E-05,3.05274E-05,0.000273267
0.796,0.000866543,0,3.81105E-06,8.34697E-05,0.000329649,0.000494722,0.00035366,7.3617E-05,2.20371E-05,0.000253384
0.798,0.000866543,0,3.67119E-06,8.09839E-05,0.000323174,0.00049375,0.000365521,8.56037E-05,1.48609E-05,0.000233155
0.8,0.000866543,0,3.53506E-06,7.85384E-05,0.000316659,0.00049237,0.000377037,9.82961E-05,9.0503E-06,0.000212761
0.802,0.000866543,0,3.40262E-06,7.61336E-05,0.000310109,0.000490586,0.000388175,0.000111639,4.64798E-06,0.000192385
0.804,0.000866543,0,3.27379E-06,7.37697E-05,0.00030353,0.000488404,0.000398902,0.000125573,1.68742E-06,0.000172208
0.806,0.000866543,0,3.14852E-06,7.14469E-05,0.000296928,0.000485827,0.00040919,0.000140038,1.9275E-07,0.000152413
0.808,0.000866543,0,3.02676E-06,6.91654E-05,0.000290307,0.000482863,0.000419008,0.00015497,1.78597E-07,0.000133177
0.81,0.000866543,0,2.90843E-06,6.69254E-05,0.000283674,0.000479518,0.00042833,0.000170303,1.64998E-06,0.000114673
0.812,0.000866543,0,2.79349E-06,6.4727E-05,0.000277034,0.0004758,0.000437129,0.00018597,4.6023E-06,9.70693E-05
0.814,0.000866543,0,2.68187E-06,6.25702E-05,0.000270393,0.000471715,0.000445382,0.000201903,9.02136E-06,8.05243E-05
0.816,0.000866543,0,2.57351E-06,6.04553E-05,0.000263756,0.000467274,0.000453065,0.00021803,1.48835E-05,6.51887E-05
0.818,0.000866543,0,2.46837E-06,5.83823E-05,0.000257127,0.000462485,0.00046016,0.000234282,2.21556E-05,5.12025E-05
0.82,0.000866543,0,2.36636E-06,5.63513E-05,0.000250514,0.000457358,0.000466645,0.000250587,3.07956E-05,3.86939E-05
0.822,0.000866543,0,2.26745E-06,5.43621E-05,0.00024392,0.000451903,0.000472506,0.000266874,4.07526E-05,2.77786E-05
0.824,0.000866543,0,2.17158E-06,5.2415E-05,0.00023735,0.000446132,0.000477726,0.000283071,5.19671E-05,1.85585E-05
0.826,0.000866543,0,2.07868E-06,5.05098E-05,0.000230811,0.000440055,0.000482293,0.000299108,6.43717E-05,1.11207E-05
0.828,0.000866543,0,1.9887E-06,4.86466E-05,0.000224306,0.000433685,0.000486196,0.000314916,7.78911E-05,5.53707E-06
0.83,0.000866543,0,1.90158E-06,4.68251E-05,0.000217841,0.000427034,0.000489427,0.000330425,9.24432E-05,1.8634E-06
0.832,0.000866543,0,1.81726E-06,4.50455E-05,0.000211421,0.000420114,0.000491977,0.000345569,0.000107939,1.38985E-07
0.834,0.000866543,0,1.7357E-06,4.33075E-05,0.00020505,0.000412939,0.000493843,0.000360283,0.000124284,3.86291E-07
0.836,0.000866543,0,1.65684E-06,4.1611E-05,0.000198732,0.000405523,0.000495023,0.000374503,0.000141378,2.61076E-06
0.838,0.000866543,0,1.58061E-06,3.9956E-05,0.000192473,0.000397878,0.000495514,0.000388168,0.000159115,6.80076E-06
0.84,0.000866543,0,1.50697E-06,3.83421E-05,0.000186276,0.00039002,0.00049532,0.000401221,0.000177388,1.29278E-05
0.842,0.000866543,0,1.43586E-06,3.67692E-05,0.000180146,0.000381963,0.000494443,0.000413607,0.000196083,2.09465E-05
0.844,0.000866543,0,1.36722E-06,3.52372E-05,0.000174087,0.000373721,0.00049289,0.000425273,0.000215087,3.07955E-05
0.846,0.000866543,0,1.30101E-06,3.37457E-05,0.000168102,0.000365309,0.000490667,0.000436172,0.000234283,4.23975E-05
0.848,0.000866543,0,1.23717E-06,3.22946E-05,0.000162196,0.000356743,0.000487785,0.000446258,0.000253552,5.56603E-05
0.85,0.000866543,0,1.17564E-06,3.08834E-05,0.000156372,0.000348038,0.000484255,0.000455491,0.000272778,7.04775E-05
0.852,0.000866543,0,1.11638E-06,2.95121E-05,0.000150634,0.000339208,0.000480091,0.000463833,0.000291844,8.67293E-05
0.854,0.000866543,0,1.05933E-06,2.81801E-05,0.000144986,0.00033027,0.000475307,0.000471253,0.000310632,0.000104284
0.856,0.000866543,0,1.00444E-06,2.68873E-05,0.000139429,0.000321238,0.000469921,0.000477721,0.00032903,0.000122999
0.858,0.000866543,0,9.51651E-07,2.56331E-05,0.000133969,0.000312129,0.000463951,0.000483213,0.000346926,0.00014272
0.86,0.000866543,0,9.00924E-07,2.44174E-05,0.000128607,0.000302957,0.000457418,0.000487711,0.000364213,0.000163288
0.862,0.000866543,0,8.52203E-07,2.32396E-05,0.000123346,0.000293738,0.000450343,0.000491198,0.000380787,0.000184534
0.864,0.000866543,0,8.05438E-07,2.20994E-05,0.000118189,0.000284487,0.00044275,0.000493665,0.000396549,0.000206285
0.866,0.000866543,0,7.6058E-07,2.09963E-05,0.000113138,0.000275219,0.000434664,0.000495107,0.000411407,0.000228363
0.868,0.000866543,0,7.17579E-07,1.993E-05,0.000108196,0.000265949,0.00042611,0.000495522,0.000425273,0.000250587
0.87,0.000866543,0,6.76386E-07,1.88998E-05,0.000103364,0.000256693,0.000417116,0.000494913,0.000438068,0.000272778
0.872,0.000866543,0,6.36954E-07,1.79054E-05,9.86452E-05,0.000247463,0.000407709,0.00049329,0.000449716,0.000294755
0.874,0.000866543,0,5.99234E-07,1.69463E-05,9.40407E-05,0.000238276,0.000397919,0.000490664,0.000460154,0.00031634
0.876,0.000866543,0,5.63178E-07,1.60219E-05,8.95522E-05,0.000229144,0.000387776,0.000487053,0.000469323,0.000337358
0.878,0.000866543,0,5.28741E-07,1.51318E-05,8.51811E-05,0.000220081,0.000377311,0.000482479,0.000477173,0.000357643
0.88,0.000866543,0,4.95875E-07,1.42753E-05,8.09286E-05,0.0002111,0.000366555,0.000476966,0.000483664,0.00037703
0.882,0.000866543,0,4.64534E-07,1.3452E-05,7.67959E-05,0.000202216,0.00035554,0.000470545,0.000488763,0.000395367
0.884,0.000866543,0,4.34674E-07,1.26612E-05,7.27836E-05,0.000193438,0.000344298,0.00046325,0.000492447,0.00041251
0.886,0.000866543,0,4.06249E-07,1.19025E-05,6.88927E-05,0.000184781,0.000332862,0.000455116,0.000494702,0.000428324
0.888,0.000866543,0,3.79215E-07,1.11751E-05,6.51235E-05,0.000176256,0.000321265,0.000446185,0.000495523,0.000442687
0.89,0.000866543,0,3.53528E-07,1.04784E-05,6.14765E-05,0.000167873,0.000309539,0.0004365,0.000494913,0.000455491
0.892,0.000866543,0,3.29144E-07,9.812E-06,5.79519E-05,0.000159643,0.000297717,0.000426108,0.000492886,0.00046664
0.894,0.000866543,0,3.06022E-07,9.17508E-06,5.45495E-05,0.000151577,0.000285831,0.000415058,0.000489464,0.000476053
0.896,0.000866543,0,2.84119E-07,8.56707E-06,5.12693E-05,0.000143683,0.000273915,0.000403402,0.000484676,0.000483664
0.898,0.000866543,0,2.63392E-07,7.9873E-06,4.81109E-05,0.000135971,0.000261998,0.000391193,0.000478561,0.000489422
0.9,0.000866543,0,2.43803E-07,7.43511E-06,4.50737E-05,0.000128449,0.000250114,0.000378487,0.000471166,0.000493293
0.902,0.000866543,0,2.25308E-07,6.90985E-06,4.21571E-05,0.000121125,0.000238292,0.000365342,0.000462544,0.000495259
0.904,0.000866543,0,2.0787E-07,6.41082E-06,3.93602E-05,0.000114005,0.000226561,0.000351815,0.000452757,0.000495316
0.906,0.000866543,0,1.91448E-07,5.93736E-06,3.6682E-05,0.000107097,0.000214952,0.000337965,0.000441873,0.000493479
0.908,0.000866543,0,1.76005E-07,5.48877E-06,3.41213E-05,0.000100406,0.000203491,0.000323853,0.000429966,0.000489776
0.91,0.000866543,0,1.61501E-07,5.06435E-06,3.16768E-05,9.3937E-05,0.000192205,0.000309538,0.000417114,0.000484252
0.912,0.000866543,0,1.47899E-07,4.6634E-06,2.93469E-05,8.76948E-05,0.000181121,0.000295079,0.000403402,0.000476966
0.914,0.000866543,0,1.35163E-07,4.28522E-06,2.713E-05,8.16831E-05,0.000170262,0.000280536,0.000388918,0.000467992
0.916,0.000866543,0,1.23257E-07,3.92909E-06,2.50244E-05,7.5905E-05,0.000159652,0.000265968,0.000373755,0.000457415
0.918,0.000866543,0,1.12145E-07,3.5943E-06,2.3028E-05,7.0363E-05,0.000149311,0.000251431,0.000358007,0.000445335
0.92,0.000866543,0,1.01791E-07,3.28014E-06,2.11388E-05,6.50588E-05,0.00013926,0.000236982,0.000341771,0.000431861
0.922,0.000866543,0,9.21629E-08,2.98588E-06,1.93547E-05,5.99936E-05,0.000129518,0.000222676,0.000325145,0.000417114
0.924,0.000866543,0,8.32259E-08,2.71081E-06,1.76731E-05,5.51676E-05,0.000120101,0.000208564,0.000308228,0.000401221
0.926,0.000866543,0,7.49473E-08,2.45421E-06,1.60917E-05,5.05807E-05,0.000111023,0.000194696,0.000291118,0.000384321
0.928,0.000866543,0,6.72952E-08,2.21536E-06,1.4608E-05,4.62318E-05,0.0001023,0.000181121,0.000273914,0.000366554
0.93,0.000866543,0,6.02379E-08,1.99353E-06,1.32191E-05,4.21194E-05,9.3941E-05,0.000167882,0.00025671,0.000348068
0.932,0.000866543,0,5.37448E-08,1.78803E-06,1.19224E-05,3.82412E-05,8.59571E-05,0.000155021,0.0002396,0.000329012
0.934,0.000866543,0,4.77858E-08,1.59812E-06,1.0715E-05,3.45944E-05,7.83557E-05,0.000142577,0.000222676,0.000309538
0.936,0.000866543,0,4.23316E-08,1.42312E-06,9.59373E-06,3.11755E-05,7.1143E-05,0.000130584,0.000206023,0.000289797
0.938,0.000866543,0,3.73536E-08,1.2623E-06,8.55569E-06,2.79803E-05,6.4323E-05,0.000119075,0.000189724,0.00026994
0.94,0.000866543,0,3.28239E-08,1.11497E-06,7.5977E-06,2.50043E-05,5.78981E-05,0.000108075,0.000173855,0.000250113
0.942,0.000866543,0,2.87155E-08,9.80449E-07,6.71655E-06,2.22421E-05,5.18687E-05,9.76101E-05,0.000158489,0.000230459
0.944,0.000866543,0,2.5002E-08,8.58041E-07,5.90898E-06,1.9688E-05,4.62334E-05,8.76983E-05,0.00014369,0.000211113
0.946,0.000866543,0,2.16579E-08,7.47074E-07,5.17167E-06,1.73358E-05,4.09889E-05,7.83556E-05,0.000129518,0.000192205
0.948,0.000866543,0,1.86583E-08,6.46881E-07,4.50125E-06,1.51787E-05,3.61304E-05,6.95933E-05,0.000116023,0.000173855
0.95,0.000866543,0,1.59792E-08,5.56805E-07,3.89434E-06,1.32096E-05,3.16511E-05,6.14186E-05,0.000103251,0.000156174
0.952,0.000866543,0,1.35974E-08,4.762E-07,3.34751E-06,1.14208E-05,2.75427E-05,5.38346E-05,9.12375E-05,0.00013926
0.954,0.000866543,0,1.14904E-08,4.04434E-07,2.85734E-06,9.80443E-06,2.37953E-05,4.68401E-05,8.00113E-05,0.000123203
0.956,0.000866543,0,9.63671E-09,3.40885E-07,2.42039E-06,8.35213E-06,2.03974E-05,4.04301E-05,6.95932E-05,0.000108075
0.958,0.000866543,0,8.01546E-09,2.84948E-07,2.03323E-06,7.05532E-06,1.73363E-05,3.45955E-05,5.99957E-05,9.39409E-05
0.96,0.000866543,0,6.60669E-09,2.36032E-07,1.69245E-06,5.90515E-06,1.45976E-05,2.93234E-05,5.1223E-05,8.08466E-05
0.962,0.000866543,0,5.39125E-09,1.9356E-07,1.39465E-06,4.89256E-06,1.21661E-05,2.45974E-05,4.32717E-05,6.88259E-05
0.964,0.000866543,0,4.35087E-09,1.56976E-07,1.1365E-06,4.00832E-06,1.00253E-05,2.03974E-05,3.61303E-05,5.78981E-05
0.966,0.000866543,0,3.4681E-09,1.25739E-07,9.14694E-07,3.24309E-06,8.15774E-06,1.67003E-05,2.97798E-05,4.80681E-05
0.968,0.000866543,0,2.72638E-09,9.9329E-08,7.25991E-07,2.58747E-06,6.5451E-06,1.348E-05,2.41941E-05,3.93268E-05
0.97,0.000866543,0,2.10999E-09,7.72455E-08,5.67232E-07,2.03206E-06,5.16848E-06,1.07077E-05,1.93403E-05,3.16511E-05
0.972,0.000866543,0,1.60411E-09,5.90096E-08,4.35335E-07,1.56747E-06,4.0084E-06,8.35232E-06,1.51791E-05,2.50049E-05
0.974,0.000866543,0,1.19482E-09,4.41648E-08,3.27321E-07,1.18447E-06,3.04506E-06,6.38084E-06,1.16659E-05,1.93403E-05
0.976,0.000866543,0,8.69083E-10,3.22784E-08,2.40319E-07,8.73935E-07,2.25846E-06,4.7587E-06,8.751E-06,1.45976E-05
0.978,0.000866543,0,6.1477E-10,2.2942E-08,1.71581E-07,6.27011E-07,1.62866E-06,3.4502E-06,6.38083E-06,1.07077E-05
0.98,0.000866543,0,4.20676E-10,1.57734E-08,1.18497E-07,4.35112E-07,1.13589E-06,2.41901E-06,4.4985E-06,7.59272E-06
0.982,0.000866543,0,2.76517E-10,1.04172E-08,7.86067E-08,2.9001E-07,7.6084E-07,1.62866E-06,3.04505E-06,5.16847E-06
0.984,0.000866543,0,1.72948E-10,6.54614E-09,4.96142E-08,1.83905E-07,4.84818E-07,1.04305E-06,1.96037E-06,3.34554E-06
0.986,0.000866543,0,1.01567E-10,3.86237E-09,2.94015E-08,1.09487E-07,2.90013E-07,6.2702E-07,1.18448E-06,2.03208E-06
0.988,0.000866543,0,5.49245E-11,2.09843E-09,1.60431E-08,6.00154E-08,1.59717E-07,3.46982E-07,6.58728E-07,1.13589E-06
0.99,0.000866543,0,2.65365E-11,1.01856E-09,7.82067E-09,2.93883E-08,7.85703E-08,1.71499E-07,3.27158E-07,5.66923E-07
0.992,0.000866543,0,1.08894E-11,4.19911E-10,3.23788E-09,1.22214E-08,3.28222E-08,7.19738E-08,1.37948E-07,2.4019E-07
0.994,0.000866543,0,3.45186E-12,1.33722E-10,1.03548E-09,3.9256E-09,1.05896E-08,2.33264E-08,4.49131E-08,7.85675E-08
0.996,0.000866543,0,6.83112E-13,2.65848E-11,2.06723E-10,7.87112E-10,2.13257E-09,4.71833E-09,9.12537E-09,1.60375E-08
0.998,0.000866543,0,4.27746E-14,1.67228E-12,1.30579E-11,4.99325E-11,1.35862E-10,3.019E-10,5.86412E-10,1.03505E-09
1,0.000866543,0,0,0,0,0,0,0,0,0